,sampleid,seq_type,Condition,label_subtype
AAAGTGAAGCAATTCC-1-SN_062201,SN_062201,10x_nuclear,control,SOX6+_CUX2
AACGTCAGTTTCCAAG-1-SN_062201,SN_062201,10x_nuclear,control,SOX6+_RYR3
AAGCGTTCAGCCCACA-1-SN_062201,SN_062201,10x_nuclear,control,SOX6+_CUX2
AAGTACCAGCTGAGTG-1-SN_062201,SN_062201,10x_nuclear,control,SOX6-_CALCR
AATAGAGTCAAAGACA-1-SN_062201,SN_062201,10x_nuclear,control,SOX6+_CUX2
AATGACCCAGGTCCCA-1-SN_062201,SN_062201,10x_nuclear,control,SOX6+_RYR3
ACCTGAACACCCAATA-1-SN_062201,SN_062201,10x_nuclear,control,SOX6+_CUX2
AGAGAGCGTGTCTTGA-1-SN_062201,SN_062201,10x_nuclear,control,SOX6+_RYR3
AGATCGTTCGCAGTTA-1-SN_062201,SN_062201,10x_nuclear,control,SOX6+_CUX2
AGTCTCCAGTTACGTC-1-SN_062201,SN_062201,10x_nuclear,control,SOX6+_CUX2
AGTGACTCAACCAGAG-1-SN_062201,SN_062201,10x_nuclear,control,SOX6-_COBLL1
ATAGACCCAACTTGCA-1-SN_062201,SN_062201,10x_nuclear,control,SOX6+_RYR3
ATCACAGTCAGGAAGC-1-SN_062201,SN_062201,10x_nuclear,control,SOX6-_SORCS3
ATGATCGAGACCTCAT-1-SN_062201,SN_062201,10x_nuclear,control,SOX6+_RYR3
ATGATCGAGTGCTCAT-1-SN_062201,SN_062201,10x_nuclear,control,SOX6+_CUX2
ATTCCCGGTGTGACCC-1-SN_062201,SN_062201,10x_nuclear,control,SOX6-_CALCR
ATTCTTGTCAACCTCC-1-SN_062201,SN_062201,10x_nuclear,control,SOX6+_CUX2
ATTTACCTCGTAACCA-1-SN_062201,SN_062201,10x_nuclear,control,SOX6+_RYR3
CAACAACAGATAGTGT-1-SN_062201,SN_062201,10x_nuclear,control,SOX6+_CUX2
CAACGATCATACCATG-1-SN_062201,SN_062201,10x_nuclear,control,SOX6+_CUX2
CAACGGCCAGCATGCC-1-SN_062201,SN_062201,10x_nuclear,control,SOX6+_CUX2
CAAGGGAGTGAATAAC-1-SN_062201,SN_062201,10x_nuclear,control,SOX6-_CBLB
CAATTTCGTGAACTAA-1-SN_062201,SN_062201,10x_nuclear,control,SOX6+_CUX2
CACCAAACACTGCGTG-1-SN_062201,SN_062201,10x_nuclear,control,SOX6+_RYR3
CACTGTCTCTGGACCG-1-SN_062201,SN_062201,10x_nuclear,control,SOX6-_SORCS3
CAGCCAGCAATTCTCT-1-SN_062201,SN_062201,10x_nuclear,control,SOX6+_CUX2
CATCCACGTGTTCCAA-1-SN_062201,SN_062201,10x_nuclear,control,SOX6+_CUX2
CATTCCGGTGGTTTAC-1-SN_062201,SN_062201,10x_nuclear,control,SOX6+_CUX2
CATTCCGTCGGCTTGG-1-SN_062201,SN_062201,10x_nuclear,control,SOX6-_CBLB
CCAATTTTCCCATACC-1-SN_062201,SN_062201,10x_nuclear,control,SOX6+_CUX2
CCACGAGAGGAAGTCC-1-SN_062201,SN_062201,10x_nuclear,control,SOX6+_CUX2
CCCGAAGGTGTCATTG-1-SN_062201,SN_062201,10x_nuclear,control,SOX6+_RYR3
CCCTCTCTCCAGCTCT-1-SN_062201,SN_062201,10x_nuclear,control,SOX6+_RYR3
CCCTCTCTCTCAATCT-1-SN_062201,SN_062201,10x_nuclear,control,SOX6+_RYR3
CCTATCGTCTTCCTAA-1-SN_062201,SN_062201,10x_nuclear,control,SOX6-_CBLB
CGCGTGACATCTAACG-1-SN_062201,SN_062201,10x_nuclear,control,SOX6+_CUX2
CGGGCATGTTTACGAC-1-SN_062201,SN_062201,10x_nuclear,control,SOX6-_SORCS3
CGTCCATCAGCTACCG-1-SN_062201,SN_062201,10x_nuclear,control,SOX6+_CUX2
CGTCCATCATTAAAGG-1-SN_062201,SN_062201,10x_nuclear,control,SOX6+_RYR3
CGTGTCTCAACCACGC-1-SN_062201,SN_062201,10x_nuclear,control,SOX6+_CUX2
CTACCCATCTGCGGCA-1-SN_062201,SN_062201,10x_nuclear,control,SOX6+_CUX2
CTATAGGTCCGCTAGG-1-SN_062201,SN_062201,10x_nuclear,control,SOX6-_CALCR
CTCAGAAGTATGCGTT-1-SN_062201,SN_062201,10x_nuclear,control,SOX6-_EBF1
CTCATGCCAGCTGAAG-1-SN_062201,SN_062201,10x_nuclear,control,SOX6-_COBLL1
CTGTATTCAATCGTCA-1-SN_062201,SN_062201,10x_nuclear,control,SOX6+_CUX2
CTTGAGATCCGGTTCT-1-SN_062201,SN_062201,10x_nuclear,control,SOX6-_COBLL1
GAATCGTTCTCAGGCG-1-SN_062201,SN_062201,10x_nuclear,control,SOX6+_CUX2
GACCGTGAGCGACAGT-1-SN_062201,SN_062201,10x_nuclear,control,SOX6+_CUX2
GCCAGCAAGGGCTGAT-1-SN_062201,SN_062201,10x_nuclear,control,SOX6+_RYR3
GCGTGCATCACCCTTG-1-SN_062201,SN_062201,10x_nuclear,control,SOX6+_CUX2
GGGACCTCAGGCTTGC-1-SN_062201,SN_062201,10x_nuclear,control,SOX6+_CUX2
GGTTGTAGTGTTGATC-1-SN_062201,SN_062201,10x_nuclear,control,SOX6+_CUX2
GTAGATCAGGTATAGT-1-SN_062201,SN_062201,10x_nuclear,control,SOX6-_COBLL1
GTCCTCAGTTTGGGAG-1-SN_062201,SN_062201,10x_nuclear,control,SOX6-_COBLL1
GTTGAACAGTCGCTAT-1-SN_062201,SN_062201,10x_nuclear,control,SOX6+_RYR3
TATGTTCAGAGCAGTC-1-SN_062201,SN_062201,10x_nuclear,control,SOX6+_CUX2
TATGTTCTCGGAAACG-1-SN_062201,SN_062201,10x_nuclear,control,SOX6+_CUX2
TATTGGGTCTCTAGGA-1-SN_062201,SN_062201,10x_nuclear,control,SOX6+_RYR3
TCAGGTATCCCGTGTT-1-SN_062201,SN_062201,10x_nuclear,control,SOX6+_CUX2
TCAGTCCCAATAAGGT-1-SN_062201,SN_062201,10x_nuclear,control,SOX6-_CBLB
TCAGTCCTCGACACTA-1-SN_062201,SN_062201,10x_nuclear,control,SOX6-_CALCR
TCATCCGAGGTGAGAA-1-SN_062201,SN_062201,10x_nuclear,control,SOX6-_SORCS3
TCATTACTCTAAGGAA-1-SN_062201,SN_062201,10x_nuclear,control,SOX6+_CUX2
TCCATGCAGGGCATGT-1-SN_062201,SN_062201,10x_nuclear,control,SOX6+_CUX2
TCTCTGGAGTGTTGAA-1-SN_062201,SN_062201,10x_nuclear,control,SOX6+_CUX2
TCTGGCTAGAGCAGAA-1-SN_062201,SN_062201,10x_nuclear,control,SOX6+_CUX2
TGACGCGAGAGGCGGA-1-SN_062201,SN_062201,10x_nuclear,control,SOX6+_CUX2
TGAGACTGTGATGAAT-1-SN_062201,SN_062201,10x_nuclear,control,SOX6+_CUX2
TGAGCGCGTTTGGGTT-1-SN_062201,SN_062201,10x_nuclear,control,SOX6+_CUX2
TGCAGATTCCCTATTA-1-SN_062201,SN_062201,10x_nuclear,control,SOX6+_RYR3
TGCTCCACAGACATCT-1-SN_062201,SN_062201,10x_nuclear,control,SOX6+_CUX2
TGCTGAAGTGTTCCTC-1-SN_062201,SN_062201,10x_nuclear,control,SOX6-_COBLL1
TGGAGGAGTTAAGACA-1-SN_062201,SN_062201,10x_nuclear,control,SOX6+_RYR3
TGGGAAGAGTAACCGG-1-SN_062201,SN_062201,10x_nuclear,control,SOX6+_RYR3
TTCACGCTCATGCGGC-1-SN_062201,SN_062201,10x_nuclear,control,SOX6+_CUX2
TTCCAATGTCGTTGGC-1-SN_062201,SN_062201,10x_nuclear,control,SOX6+_RYR3
TTGCATTAGGACACTG-1-SN_062201,SN_062201,10x_nuclear,control,SOX6-_CALCR
TTTACGTTCCGTGGCA-1-SN_062201,SN_062201,10x_nuclear,control,SOX6-_CALCR
TTTATGCCACAGCATT-1-SN_062201,SN_062201,10x_nuclear,control,SOX6+_RYR3
TTTCACACAAATGAAC-1-SN_062201,SN_062201,10x_nuclear,control,SOX6-_SORCS3
AAATGGAAGGGAGTGG-1-SN_080101,SN_080101,10x_nuclear,control,SOX6+_RYR3
AACAAAGCAACCACAT-1-SN_080101,SN_080101,10x_nuclear,control,SOX6+_CUX2
AACCAACCATCGAACT-1-SN_080101,SN_080101,10x_nuclear,control,SOX6+_RYR3
AACGAAAAGACAACAT-1-SN_080101,SN_080101,10x_nuclear,control,SOX6+_CUX2
AACGAAACAGGCGATA-1-SN_080101,SN_080101,10x_nuclear,control,SOX6+_CUX2
AAGACTCAGGTGGTTG-1-SN_080101,SN_080101,10x_nuclear,control,SOX6-_SORCS3
AAGCGTTTCTACCCAC-1-SN_080101,SN_080101,10x_nuclear,control,SOX6+_CUX2
AAGTGAAGTATCTCGA-1-SN_080101,SN_080101,10x_nuclear,control,SOX6-_EBF1
AATCACGTCGTGTCAA-1-SN_080101,SN_080101,10x_nuclear,control,SOX6+_CUX2
AATCGTGAGTGATAGT-1-SN_080101,SN_080101,10x_nuclear,control,SOX6+_CUX2
AATGAAGGTCCACTCT-1-SN_080101,SN_080101,10x_nuclear,control,SOX6+_RYR3
ACAAGCTCATACCATG-1-SN_080101,SN_080101,10x_nuclear,control,SOX6-_CALCR
ACAGAAACAGTCTGGC-1-SN_080101,SN_080101,10x_nuclear,control,SOX6+_CUX2
ACAGCCGAGAGTCACG-1-SN_080101,SN_080101,10x_nuclear,control,SOX6+_CUX2
ACAGGGAGTTCGCGTG-1-SN_080101,SN_080101,10x_nuclear,control,SOX6-_EBF1
ACCTGAATCCAGCACG-1-SN_080101,SN_080101,10x_nuclear,control,SOX6-_CALCR
ACCTGTCAGGCCTGAA-1-SN_080101,SN_080101,10x_nuclear,control,SOX6-_EBF1
ACGGTCGAGGTTACAA-1-SN_080101,SN_080101,10x_nuclear,control,SOX6-_EBF1
ACGTCCTGTCGTGGAA-1-SN_080101,SN_080101,10x_nuclear,control,SOX6+_RYR3
ACTGATGAGGCAATGC-1-SN_080101,SN_080101,10x_nuclear,control,SOX6+_CUX2
ACTTAGGCACGCAAAG-1-SN_080101,SN_080101,10x_nuclear,control,SOX6-_COBLL1
ACTTATCTCGGACTGC-1-SN_080101,SN_080101,10x_nuclear,control,SOX6+_RYR3
AGAACAAAGACGCCCT-1-SN_080101,SN_080101,10x_nuclear,control,SOX6+_CUX2
AGAACAAGTGGACCAA-1-SN_080101,SN_080101,10x_nuclear,control,SOX6-_CALCR
AGAAGTAAGTCATCGT-1-SN_080101,SN_080101,10x_nuclear,control,SOX6+_RYR3
AGACAAATCAACTCTT-1-SN_080101,SN_080101,10x_nuclear,control,SOX6-_CALCR
AGAGAGCCACTACGGC-1-SN_080101,SN_080101,10x_nuclear,control,SOX6+_CUX2
AGAGAGCGTGTCCCTT-1-SN_080101,SN_080101,10x_nuclear,control,SOX6-_CBLB
AGAGCAGTCTAGTGTG-1-SN_080101,SN_080101,10x_nuclear,control,SOX6+_CUX2
AGAGCCCGTTGGACTT-1-SN_080101,SN_080101,10x_nuclear,control,SOX6+_CUX2
AGCCACGAGTTCACTG-1-SN_080101,SN_080101,10x_nuclear,control,SOX6+_CUX2
AGCTACAAGGCCCAAA-1-SN_080101,SN_080101,10x_nuclear,control,SOX6+_RYR3
AGGATAATCTCAACGA-1-SN_080101,SN_080101,10x_nuclear,control,SOX6+_CUX2
AGGCTGCGTAACATCC-1-SN_080101,SN_080101,10x_nuclear,control,SOX6-_EBF1
AGGCTGCGTGCTGCAC-1-SN_080101,SN_080101,10x_nuclear,control,SOX6+_CUX2
AGGTGTTAGTCAGCCC-1-SN_080101,SN_080101,10x_nuclear,control,SOX6+_CUX2
AGTAACCCATGATCTG-1-SN_080101,SN_080101,10x_nuclear,control,SOX6+_CUX2
AGTGATCAGTGGACTG-1-SN_080101,SN_080101,10x_nuclear,control,SOX6+_CUX2
AGTGCCGAGATACTGA-1-SN_080101,SN_080101,10x_nuclear,control,SOX6+_RYR3
ATACTTCGTGCGTCGT-1-SN_080101,SN_080101,10x_nuclear,control,SOX6+_RYR3
ATAGACCAGTAAACAC-1-SN_080101,SN_080101,10x_nuclear,control,SOX6+_CUX2
ATAGAGACACCTATCC-1-SN_080101,SN_080101,10x_nuclear,control,SOX6-_COBLL1
ATATCCTTCATTTGCT-1-SN_080101,SN_080101,10x_nuclear,control,SOX6+_CUX2
ATCACGACAAGTACCT-1-SN_080101,SN_080101,10x_nuclear,control,SOX6-_CALCR
ATCCATTAGTCCTGCG-1-SN_080101,SN_080101,10x_nuclear,control,SOX6-_CALCR
ATCGGATAGATGTTCC-1-SN_080101,SN_080101,10x_nuclear,control,SOX6+_CUX2
ATCGGATCATCCGAGC-1-SN_080101,SN_080101,10x_nuclear,control,SOX6-_EBF1
ATGAAAGTCAGAGTGG-1-SN_080101,SN_080101,10x_nuclear,control,SOX6+_RYR3
ATGAGGGCAACCAGAG-1-SN_080101,SN_080101,10x_nuclear,control,SOX6-_EBF1
ATGCGATGTGTTATCG-1-SN_080101,SN_080101,10x_nuclear,control,SOX6-_EBF1
ATTACTCGTTCTCGTC-1-SN_080101,SN_080101,10x_nuclear,control,SOX6+_CUX2
ATTCTACTCGGACTGC-1-SN_080101,SN_080101,10x_nuclear,control,SOX6-_EBF1
ATTCTTGTCTAGACCA-1-SN_080101,SN_080101,10x_nuclear,control,SOX6+_RYR3
CAAGCTACACGTCGTG-1-SN_080101,SN_080101,10x_nuclear,control,SOX6-_SORCS3
CACAGGCCACAATTCG-1-SN_080101,SN_080101,10x_nuclear,control,SOX6+_CUX2
CAGAGCCCAAAGGATT-1-SN_080101,SN_080101,10x_nuclear,control,SOX6+_CUX2
CAGATCACAAATTGGA-1-SN_080101,SN_080101,10x_nuclear,control,SOX6+_CUX2
CAGATCATCATTCTTG-1-SN_080101,SN_080101,10x_nuclear,control,SOX6-_CALCR
CAGCACGGTCGCGGTT-1-SN_080101,SN_080101,10x_nuclear,control,SOX6+_RYR3
CATCGCTGTAGTCTTG-1-SN_080101,SN_080101,10x_nuclear,control,SOX6+_RYR3
CATTGAGCAATGAACA-1-SN_080101,SN_080101,10x_nuclear,control,SOX6-_SORCS3
CATTGCCGTTCGTGCG-1-SN_080101,SN_080101,10x_nuclear,control,SOX6+_CUX2
CATTTCATCCACTGAA-1-SN_080101,SN_080101,10x_nuclear,control,SOX6+_CUX2
CCAATGATCGGAAACG-1-SN_080101,SN_080101,10x_nuclear,control,SOX6+_CUX2
CCAATTTCAGAGATGC-1-SN_080101,SN_080101,10x_nuclear,control,SOX6-_SORCS3
CCACACTAGGTCATAA-1-SN_080101,SN_080101,10x_nuclear,control,SOX6-_SORCS3
CCACACTAGTGCAGGT-1-SN_080101,SN_080101,10x_nuclear,control,SOX6-_EBF1
CCACCATCAGTTGAAA-1-SN_080101,SN_080101,10x_nuclear,control,SOX6+_CUX2
CCATAAGCAATGAAAC-1-SN_080101,SN_080101,10x_nuclear,control,SOX6-_SORCS3
CCCTCTCTCACATACG-1-SN_080101,SN_080101,10x_nuclear,control,SOX6+_RYR3
CCGGACAAGGCGTCCT-1-SN_080101,SN_080101,10x_nuclear,control,SOX6+_RYR3
CCGGACATCTGCTGAA-1-SN_080101,SN_080101,10x_nuclear,control,SOX6+_CUX2
CCTTGTGTCCAAGCTA-1-SN_080101,SN_080101,10x_nuclear,control,SOX6+_CUX2
CCTTTGGAGGTGTGAC-1-SN_080101,SN_080101,10x_nuclear,control,SOX6+_CUX2
CGAAGTTAGTAGCAAT-1-SN_080101,SN_080101,10x_nuclear,control,SOX6+_CUX2
CGAGAAGGTGAGCTCC-1-SN_080101,SN_080101,10x_nuclear,control,SOX6+_RYR3
CGAGGCTCAAGTATAG-1-SN_080101,SN_080101,10x_nuclear,control,SOX6+_RYR3
CGAGGCTTCTCCGATC-1-SN_080101,SN_080101,10x_nuclear,control,SOX6-_CALCR
CGGACACAGACGGATC-1-SN_080101,SN_080101,10x_nuclear,control,SOX6+_RYR3
CGTTGGGTCAACGCTA-1-SN_080101,SN_080101,10x_nuclear,control,SOX6-_EBF1
CTACATTGTACTAACC-1-SN_080101,SN_080101,10x_nuclear,control,SOX6+_CUX2
CTACCCACATATCTGG-1-SN_080101,SN_080101,10x_nuclear,control,SOX6+_CUX2
CTACTATTCAACTGGT-1-SN_080101,SN_080101,10x_nuclear,control,SOX6+_CUX2
CTCAGTCAGACTACCT-1-SN_080101,SN_080101,10x_nuclear,control,SOX6+_CUX2
CTCATCGAGTCATTGC-1-SN_080101,SN_080101,10x_nuclear,control,SOX6+_RYR3
CTCATCGCAAATAGCA-1-SN_080101,SN_080101,10x_nuclear,control,SOX6+_CUX2
CTCATTAGTGCCAAGA-1-SN_080101,SN_080101,10x_nuclear,control,SOX6+_RYR3
CTCCATGAGTCCGCGT-1-SN_080101,SN_080101,10x_nuclear,control,SOX6-_COBLL1
CTCGAGGTCGCGGACT-1-SN_080101,SN_080101,10x_nuclear,control,SOX6-_EBF1
CTGCCATTCACGAACT-1-SN_080101,SN_080101,10x_nuclear,control,SOX6+_RYR3
CTGGACGGTCTGTCAA-1-SN_080101,SN_080101,10x_nuclear,control,SOX6+_CUX2
CTTCAATAGTTTGAGA-1-SN_080101,SN_080101,10x_nuclear,control,SOX6-_EBF1
CTTGAGAGTTGTGGCC-1-SN_080101,SN_080101,10x_nuclear,control,SOX6-_EBF1
CTTGATTTCTGCGAGC-1-SN_080101,SN_080101,10x_nuclear,control,SOX6+_RYR3
CTTTCGGCACTCATAG-1-SN_080101,SN_080101,10x_nuclear,control,SOX6+_CUX2
GAAACCTAGCAGCACA-1-SN_080101,SN_080101,10x_nuclear,control,SOX6-_EBF1
GAAATGATCACAGTGT-1-SN_080101,SN_080101,10x_nuclear,control,SOX6-_SORCS3
GAACACTAGTCTAACC-1-SN_080101,SN_080101,10x_nuclear,control,SOX6+_RYR3
GAACGTTGTCGTATTG-1-SN_080101,SN_080101,10x_nuclear,control,SOX6+_CUX2
GAAGCCCCAGCACCCA-1-SN_080101,SN_080101,10x_nuclear,control,SOX6-_SORCS3
GAAGCCCTCTGTGCTC-1-SN_080101,SN_080101,10x_nuclear,control,SOX6-_EBF1
GAAGCGATCCGGCAGT-1-SN_080101,SN_080101,10x_nuclear,control,SOX6+_CUX2
GAAGGACGTTGCATCA-1-SN_080101,SN_080101,10x_nuclear,control,SOX6-_CALCR
GAAGTAATCCTCTCGA-1-SN_080101,SN_080101,10x_nuclear,control,SOX6+_RYR3
GAATAGAGTCAACACT-1-SN_080101,SN_080101,10x_nuclear,control,SOX6+_CUX2
GACCCAGAGTTACGGG-1-SN_080101,SN_080101,10x_nuclear,control,SOX6+_CUX2
GACCTTCTCCGCAAAT-1-SN_080101,SN_080101,10x_nuclear,control,SOX6-_COBLL1
GACGCTGGTACAGCGA-1-SN_080101,SN_080101,10x_nuclear,control,SOX6-_COBLL1
GAGAAATCAATCGCAT-1-SN_080101,SN_080101,10x_nuclear,control,SOX6-_CALCR
GAGACCCAGACCAAGC-1-SN_080101,SN_080101,10x_nuclear,control,SOX6+_CUX2
GAGCCTGTCCACAGCG-1-SN_080101,SN_080101,10x_nuclear,control,SOX6-_EBF1
GAGCTGCGTTGTAGCT-1-SN_080101,SN_080101,10x_nuclear,control,SOX6-_EBF1
GAGTTACCACTGCATA-1-SN_080101,SN_080101,10x_nuclear,control,SOX6+_CUX2
GATTGGTGTTCCTAGA-1-SN_080101,SN_080101,10x_nuclear,control,SOX6+_CUX2
GCATTAGGTCGTGGTC-1-SN_080101,SN_080101,10x_nuclear,control,SOX6-_COBLL1
GCCAACGTCCCAATAG-1-SN_080101,SN_080101,10x_nuclear,control,SOX6-_EBF1
GCCAGGTAGTATTGCC-1-SN_080101,SN_080101,10x_nuclear,control,SOX6+_CUX2
GCCATGGCATCATTGG-1-SN_080101,SN_080101,10x_nuclear,control,SOX6-_CBLB
GCCGTGAAGCACCGTC-1-SN_080101,SN_080101,10x_nuclear,control,SOX6+_CUX2
GCGATCGTCTTAGGAC-1-SN_080101,SN_080101,10x_nuclear,control,SOX6+_CUX2
GCTCAAATCCACCTCA-1-SN_080101,SN_080101,10x_nuclear,control,SOX6-_SORCS3
GCTGAATAGCCGGAAT-1-SN_080101,SN_080101,10x_nuclear,control,SOX6+_CUX2
GGAAGTGCACCAGCGT-1-SN_080101,SN_080101,10x_nuclear,control,SOX6-_EBF1
GGAAGTGGTAACGGTG-1-SN_080101,SN_080101,10x_nuclear,control,SOX6+_CUX2
GGAAGTGTCGAGCCAC-1-SN_080101,SN_080101,10x_nuclear,control,SOX6-_EBF1
GGACGTCAGTTAACGA-1-SN_080101,SN_080101,10x_nuclear,control,SOX6+_CUX2
GGAGAACTCGACATAC-1-SN_080101,SN_080101,10x_nuclear,control,SOX6-_EBF1
GGAGCAATCACAACCA-1-SN_080101,SN_080101,10x_nuclear,control,SOX6-_EBF1
GGGATCCAGTGACCTT-1-SN_080101,SN_080101,10x_nuclear,control,SOX6+_CUX2
GGGCTCACAGTCTACA-1-SN_080101,SN_080101,10x_nuclear,control,SOX6+_CUX2
GGGTTATAGCCTTTGA-1-SN_080101,SN_080101,10x_nuclear,control,SOX6+_RYR3
GGTAGAGCAGCTACCG-1-SN_080101,SN_080101,10x_nuclear,control,SOX6-_CBLB
GGTCACGAGCTAAATG-1-SN_080101,SN_080101,10x_nuclear,control,SOX6-_EBF1
GGTGAAGTCTCTGCCA-1-SN_080101,SN_080101,10x_nuclear,control,SOX6+_CUX2
GTAACACGTCCCTCAT-1-SN_080101,SN_080101,10x_nuclear,control,SOX6-_EBF1
GTAAGTCTCCTCGATC-1-SN_080101,SN_080101,10x_nuclear,control,SOX6+_RYR3
GTACAGTGTTCGGCTG-1-SN_080101,SN_080101,10x_nuclear,control,SOX6-_EBF1
GTCCCATTCCAGCAAT-1-SN_080101,SN_080101,10x_nuclear,control,SOX6+_CUX2
GTCTGTCAGAGTCTTC-1-SN_080101,SN_080101,10x_nuclear,control,SOX6+_RYR3
GTGAGTTCATGAAAGT-1-SN_080101,SN_080101,10x_nuclear,control,SOX6+_CUX2
GTGCTGGAGAATTGTG-1-SN_080101,SN_080101,10x_nuclear,control,SOX6+_CUX2
GTGCTTCGTTTCTTAC-1-SN_080101,SN_080101,10x_nuclear,control,SOX6+_RYR3
GTGGAAGCAACGGTAG-1-SN_080101,SN_080101,10x_nuclear,control,SOX6+_CUX2
GTGGGAAAGAGTGTTA-1-SN_080101,SN_080101,10x_nuclear,control,SOX6-_EBF1
GTTACCCGTCAAGCGA-1-SN_080101,SN_080101,10x_nuclear,control,SOX6+_RYR3
GTTAGTGAGAACGTGC-1-SN_080101,SN_080101,10x_nuclear,control,SOX6+_RYR3
GTTGCTCTCAATGTCG-1-SN_080101,SN_080101,10x_nuclear,control,SOX6+_RYR3
TAAGCCAAGCCTCACG-1-SN_080101,SN_080101,10x_nuclear,control,SOX6-_EBF1
TAAGCGTCACAGTGTT-1-SN_080101,SN_080101,10x_nuclear,control,SOX6-_CALCR
TAATTCCCAGTCACGC-1-SN_080101,SN_080101,10x_nuclear,control,SOX6+_CUX2
TACCGAAAGGCCATAG-1-SN_080101,SN_080101,10x_nuclear,control,SOX6+_RYR3
TACGCTCCAGTTTCGA-1-SN_080101,SN_080101,10x_nuclear,control,SOX6-_CALCR
TACGTCCTCCCTGGTT-1-SN_080101,SN_080101,10x_nuclear,control,SOX6-_CBLB
TACTTCAGTCGTATTG-1-SN_080101,SN_080101,10x_nuclear,control,SOX6+_RYR3
TAGTGCATCCTTTAGT-1-SN_080101,SN_080101,10x_nuclear,control,SOX6-_CALCR
TATACCTTCAACTGGT-1-SN_080101,SN_080101,10x_nuclear,control,SOX6+_RYR3
TATCTTGCACTGGATT-1-SN_080101,SN_080101,10x_nuclear,control,SOX6+_CUX2
TCACATTTCTGACGCG-1-SN_080101,SN_080101,10x_nuclear,control,SOX6-_EBF1
TCACTATGTTCTTGTT-1-SN_080101,SN_080101,10x_nuclear,control,SOX6+_RYR3
TCAGCAAGTCATACCA-1-SN_080101,SN_080101,10x_nuclear,control,SOX6-_EBF1
TCAGGGCGTCCTCCTA-1-SN_080101,SN_080101,10x_nuclear,control,SOX6+_CUX2
TCATATCGTGTTTACG-1-SN_080101,SN_080101,10x_nuclear,control,SOX6+_RYR3
TCCGGGATCGTCCTCA-1-SN_080101,SN_080101,10x_nuclear,control,SOX6+_CUX2
TCCTGCAGTTTGTTCT-1-SN_080101,SN_080101,10x_nuclear,control,SOX6-_EBF1
TCCTGCATCACTGGGC-1-SN_080101,SN_080101,10x_nuclear,control,SOX6+_RYR3
TCGAAGTCAACCACGC-1-SN_080101,SN_080101,10x_nuclear,control,SOX6+_RYR3
TCGTCCACATTCTCTA-1-SN_080101,SN_080101,10x_nuclear,control,SOX6+_CUX2
TCTGCCAAGTATGGCG-1-SN_080101,SN_080101,10x_nuclear,control,SOX6+_CUX2
TCTGTCGCACGCTGAC-1-SN_080101,SN_080101,10x_nuclear,control,SOX6+_RYR3
TCTGTCGGTAGATCCT-1-SN_080101,SN_080101,10x_nuclear,control,SOX6+_CUX2
TCTTCCTCACCCTTGT-1-SN_080101,SN_080101,10x_nuclear,control,SOX6+_CUX2
TGAACGTTCAAGTCGT-1-SN_080101,SN_080101,10x_nuclear,control,SOX6+_CUX2
TGACCCTAGCTACTAC-1-SN_080101,SN_080101,10x_nuclear,control,SOX6-_CBLB
TGATGCATCACGGGAA-1-SN_080101,SN_080101,10x_nuclear,control,SOX6-_CALCR
TGCAGTATCAACTACG-1-SN_080101,SN_080101,10x_nuclear,control,SOX6+_CUX2
TGCGGCAGTATCGAGG-1-SN_080101,SN_080101,10x_nuclear,control,SOX6-_SORCS3
TGCTCGTAGGCATCGA-1-SN_080101,SN_080101,10x_nuclear,control,SOX6+_RYR3
TGCTCGTTCTGGTGGC-1-SN_080101,SN_080101,10x_nuclear,control,SOX6+_CUX2
TGGAGGATCGAACCAT-1-SN_080101,SN_080101,10x_nuclear,control,SOX6-_COBLL1
TGTAACGTCGGAATGG-1-SN_080101,SN_080101,10x_nuclear,control,SOX6+_RYR3
TGTAAGCGTGGCTTGC-1-SN_080101,SN_080101,10x_nuclear,control,SOX6-_CALCR
TGTCCCAGTGCTTATG-1-SN_080101,SN_080101,10x_nuclear,control,SOX6-_EBF1
TGTCCCATCACAATGC-1-SN_080101,SN_080101,10x_nuclear,control,SOX6+_RYR3
TGTCCTGGTGCCTACG-1-SN_080101,SN_080101,10x_nuclear,control,SOX6-_CALCR
TGTTTGTAGCATCGAG-1-SN_080101,SN_080101,10x_nuclear,control,SOX6-_CBLB
TGTTTGTGTATTAAGG-1-SN_080101,SN_080101,10x_nuclear,control,SOX6+_RYR3
TTACAGGTCTATCACT-1-SN_080101,SN_080101,10x_nuclear,control,SOX6-_CALCR
TTCCTAACACGGTAGA-1-SN_080101,SN_080101,10x_nuclear,control,SOX6+_CUX2
TTCCTAAGTAGTGTGG-1-SN_080101,SN_080101,10x_nuclear,control,SOX6+_RYR3
TTGCGTCTCTTAAGGC-1-SN_080101,SN_080101,10x_nuclear,control,SOX6-_EBF1
TTGCTGCCAGAACTAA-1-SN_080101,SN_080101,10x_nuclear,control,SOX6+_RYR3
TTGCTGCGTTCGATTG-1-SN_080101,SN_080101,10x_nuclear,control,SOX6+_RYR3
TTGGATGGTCCTGGGT-1-SN_080101,SN_080101,10x_nuclear,control,SOX6+_RYR3
TTGTGTTCAGAGTCAG-1-SN_080101,SN_080101,10x_nuclear,control,SOX6+_RYR3
TTTGGTTAGAATCGAT-1-SN_080101,SN_080101,10x_nuclear,control,SOX6+_RYR3
AAAGGGCGTGCACATT-1-SN_080102,SN_080102,10x_nuclear,control,SOX6+_CUX2
AAGACTCAGCCTCTCT-1-SN_080102,SN_080102,10x_nuclear,control,SOX6-_EBF1
AAGTGAATCTGGAGAG-1-SN_080102,SN_080102,10x_nuclear,control,SOX6+_CUX2
AATCGACCAACCACAT-1-SN_080102,SN_080102,10x_nuclear,control,SOX6+_CUX2
AATGAAGGTATCGCGC-1-SN_080102,SN_080102,10x_nuclear,control,SOX6+_CUX2
AATTCCTAGATCCGAG-1-SN_080102,SN_080102,10x_nuclear,control,SOX6-_SORCS3
ACAGAAACAAGATTGA-1-SN_080102,SN_080102,10x_nuclear,control,SOX6+_RYR3
ACATTTCTCGCGTAGC-1-SN_080102,SN_080102,10x_nuclear,control,SOX6+_RYR3
ACGATGTAGCCTTCTC-1-SN_080102,SN_080102,10x_nuclear,control,SOX6-_COBLL1
ACTACGATCAACCTCC-1-SN_080102,SN_080102,10x_nuclear,control,SOX6+_CUX2
ACTTTCACACTGGCGT-1-SN_080102,SN_080102,10x_nuclear,control,SOX6-_CBLB
AGAACAACATGTTACG-1-SN_080102,SN_080102,10x_nuclear,control,SOX6-_CBLB
AGCTACATCCGTAATG-1-SN_080102,SN_080102,10x_nuclear,control,SOX6-_SORCS3
AGGACTTTCGTGGTAT-1-SN_080102,SN_080102,10x_nuclear,control,SOX6+_CUX2
AGGGTTTGTAGTTACC-1-SN_080102,SN_080102,10x_nuclear,control,SOX6+_CUX2
AGTCATGAGGGAGTGG-1-SN_080102,SN_080102,10x_nuclear,control,SOX6+_RYR3
AGTGCCGCACGTTGGC-1-SN_080102,SN_080102,10x_nuclear,control,SOX6+_RYR3
ATCGTGATCAGCATTG-1-SN_080102,SN_080102,10x_nuclear,control,SOX6+_RYR3
ATGAGTCTCCCGTAAA-1-SN_080102,SN_080102,10x_nuclear,control,SOX6+_CUX2
ATGCATGCAATCGAAA-1-SN_080102,SN_080102,10x_nuclear,control,SOX6+_CUX2
ATGGGTTGTGGCTTGC-1-SN_080102,SN_080102,10x_nuclear,control,SOX6+_RYR3
CAAGGGAAGGGTGGGA-1-SN_080102,SN_080102,10x_nuclear,control,SOX6+_RYR3
CAATTTCCAGAGATGC-1-SN_080102,SN_080102,10x_nuclear,control,SOX6-_CALCR
CACTAAGCAATTCTTC-1-SN_080102,SN_080102,10x_nuclear,control,SOX6+_RYR3
CACTGAATCTGTCTCG-1-SN_080102,SN_080102,10x_nuclear,control,SOX6+_CUX2
CCGTAGGTCGGTTGTA-1-SN_080102,SN_080102,10x_nuclear,control,SOX6+_CUX2
CCTACGTGTCGCGGTT-1-SN_080102,SN_080102,10x_nuclear,control,SOX6+_CUX2
CCTATCGTCTCCTGAC-1-SN_080102,SN_080102,10x_nuclear,control,SOX6-_CALCR
CGGGCATGTGTTACAC-1-SN_080102,SN_080102,10x_nuclear,control,SOX6-_COBLL1
CGTTCTGGTTGTAGCT-1-SN_080102,SN_080102,10x_nuclear,control,SOX6+_RYR3
CTATCTAAGACTCCGC-1-SN_080102,SN_080102,10x_nuclear,control,SOX6+_RYR3
CTCATCGTCACACCCT-1-SN_080102,SN_080102,10x_nuclear,control,SOX6+_RYR3
CTGAATGTCGGTCATA-1-SN_080102,SN_080102,10x_nuclear,control,SOX6+_CUX2
GAACGTTAGAGTGAAG-1-SN_080102,SN_080102,10x_nuclear,control,SOX6+_RYR3
GAATAGAGTAGGAAAG-1-SN_080102,SN_080102,10x_nuclear,control,SOX6-_SORCS3
GACACGCTCTGAATGC-1-SN_080102,SN_080102,10x_nuclear,control,SOX6-_CALCR
GAGTTTGGTGTGTGGA-1-SN_080102,SN_080102,10x_nuclear,control,SOX6+_RYR3
GCAGCCACAATTAGGA-1-SN_080102,SN_080102,10x_nuclear,control,SOX6+_CUX2
GGCACGTAGGGAGAAT-1-SN_080102,SN_080102,10x_nuclear,control,SOX6+_CUX2
GGCTGTGGTGTAACGG-1-SN_080102,SN_080102,10x_nuclear,control,SOX6+_CUX2
GGGAAGTTCATTACGG-1-SN_080102,SN_080102,10x_nuclear,control,SOX6+_RYR3
GGGTCTGAGCGGTAAC-1-SN_080102,SN_080102,10x_nuclear,control,SOX6-_SORCS3
GTACAGTGTAATGTGA-1-SN_080102,SN_080102,10x_nuclear,control,SOX6-_CBLB
GTGGCGTGTTGCTCGG-1-SN_080102,SN_080102,10x_nuclear,control,SOX6+_RYR3
GTGTTCCCAGGCTATT-1-SN_080102,SN_080102,10x_nuclear,control,SOX6+_CUX2
GTGTTCCTCTCATTTG-1-SN_080102,SN_080102,10x_nuclear,control,SOX6+_CUX2
GTTCATTCACTATGTG-1-SN_080102,SN_080102,10x_nuclear,control,SOX6+_CUX2
GTTCTATTCGTCACCT-1-SN_080102,SN_080102,10x_nuclear,control,SOX6+_CUX2
TAGGTTGGTCCAGCGT-1-SN_080102,SN_080102,10x_nuclear,control,SOX6+_RYR3
TCACACCGTCATATGC-1-SN_080102,SN_080102,10x_nuclear,control,SOX6+_CUX2
TCAGGGCTCCCGTGTT-1-SN_080102,SN_080102,10x_nuclear,control,SOX6-_CALCR
TCAGGTACATCAGTCA-1-SN_080102,SN_080102,10x_nuclear,control,SOX6+_CUX2
TCATTGTAGTGAGTTA-1-SN_080102,SN_080102,10x_nuclear,control,SOX6+_CUX2
TCTATACCAAAGCGTG-1-SN_080102,SN_080102,10x_nuclear,control,SOX6+_CUX2
TCTGGCTGTAACGATA-1-SN_080102,SN_080102,10x_nuclear,control,SOX6+_CUX2
TGGGCGTGTGGCCCAT-1-SN_080102,SN_080102,10x_nuclear,control,SOX6+_CUX2
TGGGCTGAGCTGACTT-1-SN_080102,SN_080102,10x_nuclear,control,SOX6+_CUX2
TGTGGCGTCCACGTGG-1-SN_080102,SN_080102,10x_nuclear,control,SOX6+_RYR3
TGTGTGAGTTTCGTAG-1-SN_080102,SN_080102,10x_nuclear,control,SOX6+_CUX2
TTCATGTCACCATATG-1-SN_080102,SN_080102,10x_nuclear,control,SOX6+_CUX2
TTGTGTTCAAGTACCT-1-SN_080102,SN_080102,10x_nuclear,control,SOX6+_RYR3
TTTGATCGTAGGGTAC-1-SN_080102,SN_080102,10x_nuclear,control,SOX6+_CUX2
TTTGATCGTGCGGATA-1-SN_080102,SN_080102,10x_nuclear,control,SOX6-_COBLL1
AAGACTCTCGCTCCTA-1-SN_092501,SN_092501,10x_nuclear,MPTP,SOX6-_SORCS3
ACCATTTTCCGAGTGC-1-SN_092501,SN_092501,10x_nuclear,MPTP,SOX6-_COBLL1
ATAGGCTTCAAGATAG-1-SN_092501,SN_092501,10x_nuclear,MPTP,SOX6-_CALCR
CAGCGTGAGACGTCGA-1-SN_092501,SN_092501,10x_nuclear,MPTP,SOX6-_COBLL1
CGTTAGACAGAGTAAT-1-SN_092501,SN_092501,10x_nuclear,MPTP,SOX6-_CALCR
GATTTCTCAACTCATG-1-SN_092501,SN_092501,10x_nuclear,MPTP,SOX6-_SORCS3
GGGTATTGTAGGAAAG-1-SN_092501,SN_092501,10x_nuclear,MPTP,SOX6-_CALCR
GTAGTACGTGGTAACG-1-SN_092501,SN_092501,10x_nuclear,MPTP,SOX6-_SORCS3
TCAGCCTTCAGCTGAT-1-SN_092501,SN_092501,10x_nuclear,MPTP,SOX6-_COBLL1
TCTCAGCTCATCTATC-1-SN_092501,SN_092501,10x_nuclear,MPTP,SOX6-_COBLL1
TTTCACATCGAACCTA-1-SN_092501,SN_092501,10x_nuclear,MPTP,SOX6-_CBLB
ACTGTGAGTTTATGCG-1-SN_092502,SN_092502,10x_nuclear,MPTP,SOX6-_SORCS3
AGGTAGGTCTATTCGT-1-SN_092502,SN_092502,10x_nuclear,MPTP,SOX6-_EBF1
CAACAGTTCAACCCGG-1-SN_092502,SN_092502,10x_nuclear,MPTP,SOX6-_SORCS3
CATACAGGTGAATTAG-1-SN_092502,SN_092502,10x_nuclear,MPTP,SOX6-_SORCS3
CCGATGGTCGCAGTTA-1-SN_092502,SN_092502,10x_nuclear,MPTP,SOX6-_CBLB
GACACGCAGAAGGTAG-1-SN_092502,SN_092502,10x_nuclear,MPTP,SOX6-_SORCS3
GCTACCTTCTGCGGCA-1-SN_092502,SN_092502,10x_nuclear,MPTP,SOX6-_SORCS3
GGGCTCAAGTTACGGG-1-SN_092502,SN_092502,10x_nuclear,MPTP,SOX6-_CALCR
GGTTCTCTCATGGAGG-1-SN_092502,SN_092502,10x_nuclear,MPTP,SOX6-_SORCS3
TTACTGTTCAACTGGT-1-SN_092502,SN_092502,10x_nuclear,MPTP,SOX6-_CBLB
TTCATGTTCGACGCGT-1-SN_092502,SN_092502,10x_nuclear,MPTP,SOX6-_CALCR
TTCCAATTCCACCTGT-1-SN_092502,SN_092502,10x_nuclear,MPTP,SOX6-_CBLB
TTTCGATGTGTCCAAT-1-SN_092502,SN_092502,10x_nuclear,MPTP,SOX6-_CALCR
AAAGAACAGGTTGCCC-1-SN_092503,SN_092503,10x_nuclear,MPTP,SOX6-_COBLL1
AAGGTAATCTCGCGTT-1-SN_092503,SN_092503,10x_nuclear,MPTP,SOX6-_EBF1
AATCGACGTGAGGAAA-1-SN_092503,SN_092503,10x_nuclear,MPTP,SOX6-_EBF1
AATCGTGGTCGTCTCT-1-SN_092503,SN_092503,10x_nuclear,MPTP,SOX6-_COBLL1
AATTCCTCACCGGCTA-1-SN_092503,SN_092503,10x_nuclear,MPTP,SOX6-_SORCS3
ACAAAGACAAGGGTCA-1-SN_092503,SN_092503,10x_nuclear,MPTP,SOX6-_CALCR
ACAAAGACACGCGCAT-1-SN_092503,SN_092503,10x_nuclear,MPTP,SOX6+_RYR3
ACCATTTTCATGCATG-1-SN_092503,SN_092503,10x_nuclear,MPTP,SOX6-_COBLL1
ACGGTTATCTTCTAAC-1-SN_092503,SN_092503,10x_nuclear,MPTP,SOX6-_CALCR
ACTATCTAGTAGGCCA-1-SN_092503,SN_092503,10x_nuclear,MPTP,SOX6-_COBLL1
AGAACCTGTCCACGCA-1-SN_092503,SN_092503,10x_nuclear,MPTP,SOX6-_EBF1
AGACCATGTTATAGCC-1-SN_092503,SN_092503,10x_nuclear,MPTP,SOX6-_EBF1
AGATGCTCAGAACCGA-1-SN_092503,SN_092503,10x_nuclear,MPTP,SOX6-_CALCR
AGCCACGCAACTGCTA-1-SN_092503,SN_092503,10x_nuclear,MPTP,SOX6-_COBLL1
AGCCACGTCGCGGTAC-1-SN_092503,SN_092503,10x_nuclear,MPTP,SOX6-_COBLL1
AGGATCTGTAGCTCGC-1-SN_092503,SN_092503,10x_nuclear,MPTP,SOX6-_COBLL1
AGGGTTTTCGAACCAT-1-SN_092503,SN_092503,10x_nuclear,MPTP,SOX6-_SORCS3
AGTAGCTGTCGGTACC-1-SN_092503,SN_092503,10x_nuclear,MPTP,SOX6-_EBF1
AGTTCCCCACACGTGC-1-SN_092503,SN_092503,10x_nuclear,MPTP,SOX6-_COBLL1
ATACTTCAGATGGTCG-1-SN_092503,SN_092503,10x_nuclear,MPTP,SOX6-_SORCS3
ATCACTTAGGGTGGGA-1-SN_092503,SN_092503,10x_nuclear,MPTP,SOX6+_CUX2
ATCACTTGTAGACTGG-1-SN_092503,SN_092503,10x_nuclear,MPTP,SOX6-_EBF1
ATCCATTGTTGGGAAC-1-SN_092503,SN_092503,10x_nuclear,MPTP,SOX6-_SORCS3
ATCGTCCTCTCGTGAA-1-SN_092503,SN_092503,10x_nuclear,MPTP,SOX6-_SORCS3
ATCGTGATCAAAGACA-1-SN_092503,SN_092503,10x_nuclear,MPTP,SOX6-_SORCS3
ATTACTCCAGGTTCCG-1-SN_092503,SN_092503,10x_nuclear,MPTP,SOX6-_COBLL1
ATTCCCGAGTAGTGCG-1-SN_092503,SN_092503,10x_nuclear,MPTP,SOX6-_CBLB
ATTCCCGTCGCGAAGA-1-SN_092503,SN_092503,10x_nuclear,MPTP,SOX6-_SORCS3
ATTGTTCGTGCCCTTT-1-SN_092503,SN_092503,10x_nuclear,MPTP,SOX6-_SORCS3
ATTTCACCACGTATAC-1-SN_092503,SN_092503,10x_nuclear,MPTP,SOX6-_CALCR
CAACGGCAGTGCACCC-1-SN_092503,SN_092503,10x_nuclear,MPTP,SOX6-_CALCR
CAATCGATCTCGACGG-1-SN_092503,SN_092503,10x_nuclear,MPTP,SOX6-_COBLL1
CACAGATGTACAACGG-1-SN_092503,SN_092503,10x_nuclear,MPTP,SOX6-_SORCS3
CACAGGCTCGAGTCCG-1-SN_092503,SN_092503,10x_nuclear,MPTP,SOX6-_SORCS3
CAGATCACATTGCTTT-1-SN_092503,SN_092503,10x_nuclear,MPTP,SOX6-_SORCS3
CATACTTGTCTAGTGT-1-SN_092503,SN_092503,10x_nuclear,MPTP,SOX6+_CUX2
CATTCCGCAACAGATA-1-SN_092503,SN_092503,10x_nuclear,MPTP,SOX6-_EBF1
CCAATGACAAGGTCAG-1-SN_092503,SN_092503,10x_nuclear,MPTP,SOX6-_EBF1
CCAATGATCCATAGAC-1-SN_092503,SN_092503,10x_nuclear,MPTP,SOX6+_CUX2
CCACAAACATGGATCT-1-SN_092503,SN_092503,10x_nuclear,MPTP,SOX6-_SORCS3
CCACCATTCGCCTAGG-1-SN_092503,SN_092503,10x_nuclear,MPTP,SOX6-_SORCS3
CCTCAGTCATTGCTTT-1-SN_092503,SN_092503,10x_nuclear,MPTP,SOX6-_SORCS3
CCTGTTGTCATTGCCC-1-SN_092503,SN_092503,10x_nuclear,MPTP,SOX6-_CALCR
CCTTCAGGTGATTCAC-1-SN_092503,SN_092503,10x_nuclear,MPTP,SOX6-_COBLL1
CGAGGCTTCTTGATTC-1-SN_092503,SN_092503,10x_nuclear,MPTP,SOX6-_CALCR
CGCAGGTCAGGCCCTA-1-SN_092503,SN_092503,10x_nuclear,MPTP,SOX6-_CALCR
CGCATAAAGACCATAA-1-SN_092503,SN_092503,10x_nuclear,MPTP,SOX6-_EBF1
CGCATGGAGCATCCCG-1-SN_092503,SN_092503,10x_nuclear,MPTP,SOX6-_SORCS3
CGGAATTGTACAAGTA-1-SN_092503,SN_092503,10x_nuclear,MPTP,SOX6-_SORCS3
CGTCCATAGTTACGTC-1-SN_092503,SN_092503,10x_nuclear,MPTP,SOX6-_EBF1
CGTGTCTAGCGGTAGT-1-SN_092503,SN_092503,10x_nuclear,MPTP,SOX6-_EBF1
CGTTAGATCTACCCAC-1-SN_092503,SN_092503,10x_nuclear,MPTP,SOX6-_COBLL1
CTACATTTCTCGACGG-1-SN_092503,SN_092503,10x_nuclear,MPTP,SOX6-_CALCR
CTACCTGCAACCCTCT-1-SN_092503,SN_092503,10x_nuclear,MPTP,SOX6-_EBF1
CTCCCAACATGAATCC-1-SN_092503,SN_092503,10x_nuclear,MPTP,SOX6-_CALCR
CTGAGGCAGGATGCGT-1-SN_092503,SN_092503,10x_nuclear,MPTP,SOX6-_SORCS3
CTGCAGGCACGTGAGA-1-SN_092503,SN_092503,10x_nuclear,MPTP,SOX6-_SORCS3
CTGTAGATCACGACTA-1-SN_092503,SN_092503,10x_nuclear,MPTP,SOX6-_CALCR
CTTACCGTCTAAACGC-1-SN_092503,SN_092503,10x_nuclear,MPTP,SOX6-_CALCR
GACTGATTCGCATAGT-1-SN_092503,SN_092503,10x_nuclear,MPTP,SOX6-_COBLL1
GAGAAATCAAATTGCC-1-SN_092503,SN_092503,10x_nuclear,MPTP,SOX6-_EBF1
GAGACCCAGTTAACGA-1-SN_092503,SN_092503,10x_nuclear,MPTP,SOX6-_EBF1
GAGTCTAAGTTTGCTG-1-SN_092503,SN_092503,10x_nuclear,MPTP,SOX6-_SORCS3
GATCAGTTCGACCAAT-1-SN_092503,SN_092503,10x_nuclear,MPTP,SOX6-_EBF1
GCATGATAGGCTCAAG-1-SN_092503,SN_092503,10x_nuclear,MPTP,SOX6+_RYR3
GCGGATCTCTATACGG-1-SN_092503,SN_092503,10x_nuclear,MPTP,SOX6-_COBLL1
GCTACAAAGCACTCCG-1-SN_092503,SN_092503,10x_nuclear,MPTP,SOX6+_CUX2
GGATGTTCATATCTCT-1-SN_092503,SN_092503,10x_nuclear,MPTP,SOX6+_CUX2
GGCAGTCGTTTGGCTA-1-SN_092503,SN_092503,10x_nuclear,MPTP,SOX6+_CUX2
GGGACAATCGATACAC-1-SN_092503,SN_092503,10x_nuclear,MPTP,SOX6-_SORCS3
GGGACCTCAATCTGCA-1-SN_092503,SN_092503,10x_nuclear,MPTP,SOX6-_COBLL1
GGGTTTATCATTCCTA-1-SN_092503,SN_092503,10x_nuclear,MPTP,SOX6+_CUX2
GGTGAAGGTGTTACTG-1-SN_092503,SN_092503,10x_nuclear,MPTP,SOX6-_SORCS3
GTAGGAGAGAGAAGGT-1-SN_092503,SN_092503,10x_nuclear,MPTP,SOX6-_EBF1
GTCACTCCACTCTCGT-1-SN_092503,SN_092503,10x_nuclear,MPTP,SOX6-_CALCR
GTCAGCGAGCCTAACT-1-SN_092503,SN_092503,10x_nuclear,MPTP,SOX6+_CUX2
GTCATCCCATGGCACC-1-SN_092503,SN_092503,10x_nuclear,MPTP,SOX6+_CUX2
GTCATGAGTAACCAGG-1-SN_092503,SN_092503,10x_nuclear,MPTP,SOX6-_COBLL1
GTGTAACAGCTGGAGT-1-SN_092503,SN_092503,10x_nuclear,MPTP,SOX6-_SORCS3
TAAGCGTCACGTAGAG-1-SN_092503,SN_092503,10x_nuclear,MPTP,SOX6-_COBLL1
TACCGGGTCTTTCGAT-1-SN_092503,SN_092503,10x_nuclear,MPTP,SOX6-_EBF1
TAGGAGGGTGTACATC-1-SN_092503,SN_092503,10x_nuclear,MPTP,SOX6+_RYR3
TAGGTTGAGCTTAGTC-1-SN_092503,SN_092503,10x_nuclear,MPTP,SOX6-_SORCS3
TATCCTACAGTAACAA-1-SN_092503,SN_092503,10x_nuclear,MPTP,SOX6+_CUX2
TATGTTCTCCCAATAG-1-SN_092503,SN_092503,10x_nuclear,MPTP,SOX6-_SORCS3
TATTCCATCCAGCTCT-1-SN_092503,SN_092503,10x_nuclear,MPTP,SOX6-_COBLL1
TCAAGTGGTGGCAGAT-1-SN_092503,SN_092503,10x_nuclear,MPTP,SOX6+_RYR3
TCAAGTGGTGGGTTGA-1-SN_092503,SN_092503,10x_nuclear,MPTP,SOX6-_CALCR
TCAAGTGTCGTAACAC-1-SN_092503,SN_092503,10x_nuclear,MPTP,SOX6-_EBF1
TCATCATTCCACGAAT-1-SN_092503,SN_092503,10x_nuclear,MPTP,SOX6-_EBF1
TCCATGCAGAGATGCC-1-SN_092503,SN_092503,10x_nuclear,MPTP,SOX6-_EBF1
TCCATGCAGCATGATA-1-SN_092503,SN_092503,10x_nuclear,MPTP,SOX6-_CALCR
TCCCATGGTTGCATTG-1-SN_092503,SN_092503,10x_nuclear,MPTP,SOX6-_EBF1
TCCGTGTCATCAACCA-1-SN_092503,SN_092503,10x_nuclear,MPTP,SOX6+_CUX2
TCCGTGTGTAGATTAG-1-SN_092503,SN_092503,10x_nuclear,MPTP,SOX6-_COBLL1
TCCTCTTCAGCCCAGT-1-SN_092503,SN_092503,10x_nuclear,MPTP,SOX6-_COBLL1
TCGTGGGAGGAACTCG-1-SN_092503,SN_092503,10x_nuclear,MPTP,SOX6-_EBF1
TCTCACGCAAGCGGAT-1-SN_092503,SN_092503,10x_nuclear,MPTP,SOX6-_COBLL1
TCTTGCGTCATCACCC-1-SN_092503,SN_092503,10x_nuclear,MPTP,SOX6-_CALCR
TGACAGTAGCAATTCC-1-SN_092503,SN_092503,10x_nuclear,MPTP,SOX6-_EBF1
TGAGGAGCAGAATTCC-1-SN_092503,SN_092503,10x_nuclear,MPTP,SOX6-_COBLL1
TGATGCAGTGATGAAT-1-SN_092503,SN_092503,10x_nuclear,MPTP,SOX6-_EBF1
TGATGGTTCTATTGTC-1-SN_092503,SN_092503,10x_nuclear,MPTP,SOX6-_EBF1
TGCGGGTAGACGTCGA-1-SN_092503,SN_092503,10x_nuclear,MPTP,SOX6-_EBF1
TGGAACTGTGCATACT-1-SN_092503,SN_092503,10x_nuclear,MPTP,SOX6-_SORCS3
TGTCCTGCACCGGCTA-1-SN_092503,SN_092503,10x_nuclear,MPTP,SOX6-_COBLL1
TGTGCGGAGGAACTCG-1-SN_092503,SN_092503,10x_nuclear,MPTP,SOX6-_COBLL1
TTAGTCTGTACAGTAA-1-SN_092503,SN_092503,10x_nuclear,MPTP,SOX6-_COBLL1
TTCCGGTTCCCAGGAC-1-SN_092503,SN_092503,10x_nuclear,MPTP,SOX6-_SORCS3
TTCCGTGTCTACGGTA-1-SN_092503,SN_092503,10x_nuclear,MPTP,SOX6-_SORCS3
TTCCTAACAAAGCTCT-1-SN_092503,SN_092503,10x_nuclear,MPTP,SOX6-_SORCS3
TTCTCTCTCCGTTTCG-1-SN_092503,SN_092503,10x_nuclear,MPTP,SOX6-_EBF1
TTCTGTACAATGTTGC-1-SN_092503,SN_092503,10x_nuclear,MPTP,SOX6-_CALCR
TTGGGTACATACCAGT-1-SN_092503,SN_092503,10x_nuclear,MPTP,SOX6-_SORCS3
TTTCAGTAGCTTTGTG-1-SN_092503,SN_092503,10x_nuclear,MPTP,SOX6-_COBLL1
TTTCAGTGTGTCCGGT-1-SN_092503,SN_092503,10x_nuclear,MPTP,SOX6-_EBF1
AAAGGGCCAGTTCCAA-1-SN_092504,SN_092504,10x_nuclear,MPTP,SOX6-_EBF1
AAAGGGCTCTCGTCAC-1-SN_092504,SN_092504,10x_nuclear,MPTP,SOX6-_COBLL1
AACAAGAGTTTAGAGA-1-SN_092504,SN_092504,10x_nuclear,MPTP,SOX6-_SORCS3
AACAGGGCAGGAATCG-1-SN_092504,SN_092504,10x_nuclear,MPTP,SOX6-_EBF1
AACGTCATCACGGTCG-1-SN_092504,SN_092504,10x_nuclear,MPTP,SOX6+_RYR3
AAGCGAGTCGGACGTC-1-SN_092504,SN_092504,10x_nuclear,MPTP,SOX6-_EBF1
AAGGTAATCTTTCGAT-1-SN_092504,SN_092504,10x_nuclear,MPTP,SOX6-_COBLL1
ACAAAGATCGCGCCAA-1-SN_092504,SN_092504,10x_nuclear,MPTP,SOX6+_CUX2
ACAGAAAAGGTACAAT-1-SN_092504,SN_092504,10x_nuclear,MPTP,SOX6-_SORCS3
ACAGAAACAGTAACCT-1-SN_092504,SN_092504,10x_nuclear,MPTP,SOX6-_EBF1
ACCAAACTCCCTCGAT-1-SN_092504,SN_092504,10x_nuclear,MPTP,SOX6-_COBLL1
ACCCTTGTCGTGGACC-1-SN_092504,SN_092504,10x_nuclear,MPTP,SOX6-_SORCS3
ACGATCATCCTTCTAA-1-SN_092504,SN_092504,10x_nuclear,MPTP,SOX6-_COBLL1
ACTATTCAGCCTGCCA-1-SN_092504,SN_092504,10x_nuclear,MPTP,SOX6-_CALCR
AGCCAATCAGAGAATT-1-SN_092504,SN_092504,10x_nuclear,MPTP,SOX6-_CALCR
AGCGTATAGTAGCAAT-1-SN_092504,SN_092504,10x_nuclear,MPTP,SOX6+_CUX2
AGGTCTAGTCCGGATC-1-SN_092504,SN_092504,10x_nuclear,MPTP,SOX6-_EBF1
AGTTCCCCACACCTAA-1-SN_092504,SN_092504,10x_nuclear,MPTP,SOX6-_COBLL1
ATCGATGGTAGGAGGG-1-SN_092504,SN_092504,10x_nuclear,MPTP,SOX6-_EBF1
ATGACCAAGTCTAACC-1-SN_092504,SN_092504,10x_nuclear,MPTP,SOX6-_EBF1
ATGATCGCAGGACGAT-1-SN_092504,SN_092504,10x_nuclear,MPTP,SOX6-_CALCR
ATGGATCAGTCACGCC-1-SN_092504,SN_092504,10x_nuclear,MPTP,SOX6-_COBLL1
ATTCAGGAGGTTAAAC-1-SN_092504,SN_092504,10x_nuclear,MPTP,SOX6+_CUX2
CAAGAGGCATCATCCC-1-SN_092504,SN_092504,10x_nuclear,MPTP,SOX6-_COBLL1
CAATGACGTAACAGTA-1-SN_092504,SN_092504,10x_nuclear,MPTP,SOX6-_SORCS3
CACAACACACACTTAG-1-SN_092504,SN_092504,10x_nuclear,MPTP,SOX6-_EBF1
CACACAACACCAGCTG-1-SN_092504,SN_092504,10x_nuclear,MPTP,SOX6-_SORCS3
CACGAATTCAGCTGTA-1-SN_092504,SN_092504,10x_nuclear,MPTP,SOX6-_SORCS3
CACGTTCAGGTTACCT-1-SN_092504,SN_092504,10x_nuclear,MPTP,SOX6+_CUX2
CACTAAGGTCATCTAG-1-SN_092504,SN_092504,10x_nuclear,MPTP,SOX6-_CALCR
CACTGGGCAGATTAAG-1-SN_092504,SN_092504,10x_nuclear,MPTP,SOX6-_EBF1
CACTGGGGTCTCAAGT-1-SN_092504,SN_092504,10x_nuclear,MPTP,SOX6-_CBLB
CATCCCAAGAAGTCCG-1-SN_092504,SN_092504,10x_nuclear,MPTP,SOX6-_EBF1
CCCTCAATCCTAACAG-1-SN_092504,SN_092504,10x_nuclear,MPTP,SOX6-_SORCS3
CCGTAGGCAACGACAG-1-SN_092504,SN_092504,10x_nuclear,MPTP,SOX6-_SORCS3
CGAGTGCCACTCTCGT-1-SN_092504,SN_092504,10x_nuclear,MPTP,SOX6-_SORCS3
CGCATGGAGATTTGCC-1-SN_092504,SN_092504,10x_nuclear,MPTP,SOX6+_CUX2
CGCCAGATCCGTTTCG-1-SN_092504,SN_092504,10x_nuclear,MPTP,SOX6-_SORCS3
CTATCCGCAGGTCAGA-1-SN_092504,SN_092504,10x_nuclear,MPTP,SOX6-_EBF1
CTCAGTCTCCGCAACG-1-SN_092504,SN_092504,10x_nuclear,MPTP,SOX6+_CUX2
CTCCCAAAGTGGCAGT-1-SN_092504,SN_092504,10x_nuclear,MPTP,SOX6-_SORCS3
CTCTGGTCACTGAGTT-1-SN_092504,SN_092504,10x_nuclear,MPTP,SOX6-_EBF1
CTGAATGCATGAATCC-1-SN_092504,SN_092504,10x_nuclear,MPTP,SOX6-_EBF1
CTGAGCGGTTCTCAGA-1-SN_092504,SN_092504,10x_nuclear,MPTP,SOX6-_EBF1
CTGTGGGCAACCCTAA-1-SN_092504,SN_092504,10x_nuclear,MPTP,SOX6-_EBF1
GAAGTAATCACTCCGT-1-SN_092504,SN_092504,10x_nuclear,MPTP,SOX6-_SORCS3
GAGACTTTCGGTTGTA-1-SN_092504,SN_092504,10x_nuclear,MPTP,SOX6-_SORCS3
GAGTGAGAGTCCCAAT-1-SN_092504,SN_092504,10x_nuclear,MPTP,SOX6-_SORCS3
GAGTTGTGTTCCACGG-1-SN_092504,SN_092504,10x_nuclear,MPTP,SOX6+_RYR3
GATGACTAGAAGTATC-1-SN_092504,SN_092504,10x_nuclear,MPTP,SOX6+_RYR3
GATGAGGAGCTGTCCG-1-SN_092504,SN_092504,10x_nuclear,MPTP,SOX6-_EBF1
GATGGAGGTACCTTCC-1-SN_092504,SN_092504,10x_nuclear,MPTP,SOX6-_COBLL1
GCAGTTACAGACAAAT-1-SN_092504,SN_092504,10x_nuclear,MPTP,SOX6-_COBLL1
GCCATGGTCACCTCTG-1-SN_092504,SN_092504,10x_nuclear,MPTP,SOX6-_COBLL1
GCCCGAAAGCGCCTCA-1-SN_092504,SN_092504,10x_nuclear,MPTP,SOX6-_EBF1
GCCCGAACATGTACGT-1-SN_092504,SN_092504,10x_nuclear,MPTP,SOX6-_COBLL1
GCGTGCAGTCCGCAGT-1-SN_092504,SN_092504,10x_nuclear,MPTP,SOX6-_CBLB
GGGACCTGTTAGCTAC-1-SN_092504,SN_092504,10x_nuclear,MPTP,SOX6-_EBF1
GGTAGAGCAATGAGCG-1-SN_092504,SN_092504,10x_nuclear,MPTP,SOX6-_COBLL1
GGTGAAGGTTCGGACC-1-SN_092504,SN_092504,10x_nuclear,MPTP,SOX6-_COBLL1
GTAACACGTTGGACCC-1-SN_092504,SN_092504,10x_nuclear,MPTP,SOX6-_EBF1
GTAATCGGTCTACGAT-1-SN_092504,SN_092504,10x_nuclear,MPTP,SOX6+_CUX2
GTCGTTCCACAAAGTA-1-SN_092504,SN_092504,10x_nuclear,MPTP,SOX6-_SORCS3
GTGCGTGCATCGAGCC-1-SN_092504,SN_092504,10x_nuclear,MPTP,SOX6-_SORCS3
GTGGGAAAGTTTCGGT-1-SN_092504,SN_092504,10x_nuclear,MPTP,SOX6+_RYR3
GTTCATTTCCTTGGAA-1-SN_092504,SN_092504,10x_nuclear,MPTP,SOX6-_EBF1
GTTCGCTAGAGTGTGC-1-SN_092504,SN_092504,10x_nuclear,MPTP,SOX6+_CUX2
GTTTGGACATATGGCT-1-SN_092504,SN_092504,10x_nuclear,MPTP,SOX6-_CALCR
TACAGGTTCAACACCA-1-SN_092504,SN_092504,10x_nuclear,MPTP,SOX6-_EBF1
TACTTGTTCAGATGCT-1-SN_092504,SN_092504,10x_nuclear,MPTP,SOX6-_COBLL1
TAGGAGGGTCATCCGG-1-SN_092504,SN_092504,10x_nuclear,MPTP,SOX6-_EBF1
TAGGTACGTGTGTGTT-1-SN_092504,SN_092504,10x_nuclear,MPTP,SOX6-_SORCS3
TCACATTGTAGCTTTG-1-SN_092504,SN_092504,10x_nuclear,MPTP,SOX6-_EBF1
TCAGTGACAAATAAGC-1-SN_092504,SN_092504,10x_nuclear,MPTP,SOX6-_SORCS3
TCCGAAATCTGATTCT-1-SN_092504,SN_092504,10x_nuclear,MPTP,SOX6+_RYR3
TCGTGCTCATTGAAGA-1-SN_092504,SN_092504,10x_nuclear,MPTP,SOX6-_SORCS3
TGCAGGCGTGCAAGAC-1-SN_092504,SN_092504,10x_nuclear,MPTP,SOX6-_SORCS3
TGGGAAGCAATTCTTC-1-SN_092504,SN_092504,10x_nuclear,MPTP,SOX6+_RYR3
TGTCCCACAAACAGGC-1-SN_092504,SN_092504,10x_nuclear,MPTP,SOX6+_RYR3
TGTTTGTCATCCTGTC-1-SN_092504,SN_092504,10x_nuclear,MPTP,SOX6-_COBLL1
TTCCTTCGTTGTCTAG-1-SN_092504,SN_092504,10x_nuclear,MPTP,SOX6-_COBLL1
TTCTAACCACAACATC-1-SN_092504,SN_092504,10x_nuclear,MPTP,SOX6-_CALCR
TTGCTGCTCGTTGTAG-1-SN_092504,SN_092504,10x_nuclear,MPTP,SOX6-_COBLL1
TTGTGTTCACAGAGCA-1-SN_092504,SN_092504,10x_nuclear,MPTP,SOX6-_CALCR
TTGTTCAGTCTGTGAT-1-SN_092504,SN_092504,10x_nuclear,MPTP,SOX6-_SORCS3
TTTACCATCGACATAC-1-SN_092504,SN_092504,10x_nuclear,MPTP,SOX6-_SORCS3
TTTCCTCGTCCCGCAA-1-SN_092504,SN_092504,10x_nuclear,MPTP,SOX6-_EBF1
AATGAAGCAATGACCT-1-SN_011501,SN_011501,10x_nuclear,MPTP,SOX6-_CBLB
ACTATGGGTTTAGACC-1-SN_011501,SN_011501,10x_nuclear,MPTP,SOX6-_COBLL1
ATAGAGAAGAAGTGTT-1-SN_011501,SN_011501,10x_nuclear,MPTP,SOX6-_CBLB
ATCGCCTCACTAGTAC-1-SN_011501,SN_011501,10x_nuclear,MPTP,SOX6-_COBLL1
ATGGATCGTTCCAGGC-1-SN_011501,SN_011501,10x_nuclear,MPTP,SOX6-_CBLB
ATTGGGTAGTTGCCCG-1-SN_011501,SN_011501,10x_nuclear,MPTP,SOX6-_CBLB
CAGTTCCAGCGTGCTC-1-SN_011501,SN_011501,10x_nuclear,MPTP,SOX6-_CBLB
CCTGTTGTCAAGATAG-1-SN_011501,SN_011501,10x_nuclear,MPTP,SOX6-_CBLB
GAGTTGTAGATACTGA-1-SN_011501,SN_011501,10x_nuclear,MPTP,SOX6-_SORCS3
GCCTGTTAGGCCACTC-1-SN_011501,SN_011501,10x_nuclear,MPTP,SOX6-_CALCR
TCAAGCAAGAGCAGCT-1-SN_011501,SN_011501,10x_nuclear,MPTP,SOX6-_COBLL1
TGTGGCGAGCGCCTCA-1-SN_011501,SN_011501,10x_nuclear,MPTP,SOX6-_CALCR
TGTTCTAGTGAACCGA-1-SN_011501,SN_011501,10x_nuclear,MPTP,SOX6-_SORCS3
TTCCACGAGTCACTGT-1-SN_011501,SN_011501,10x_nuclear,MPTP,SOX6-_EBF1
AAGGTAAAGGTCGACA-1-SN_011502,SN_011502,10x_nuclear,MPTP,SOX6-_CALCR
ACCCTCAGTCAGCTTA-1-SN_011502,SN_011502,10x_nuclear,MPTP,SOX6+_CUX2
AGCGCTGGTCACTCTC-1-SN_011502,SN_011502,10x_nuclear,MPTP,SOX6+_CUX2
CAATTTCAGTATCCTG-1-SN_011502,SN_011502,10x_nuclear,MPTP,SOX6-_SORCS3
CACACAAAGTCTTCGA-1-SN_011502,SN_011502,10x_nuclear,MPTP,SOX6-_SORCS3
CGTGAATTCTCTATAC-1-SN_011502,SN_011502,10x_nuclear,MPTP,SOX6-_CALCR
CTCAGGGCAGCTACTA-1-SN_011502,SN_011502,10x_nuclear,MPTP,SOX6+_CUX2
CTGAATGTCTTGAGCA-1-SN_011502,SN_011502,10x_nuclear,MPTP,SOX6-_SORCS3
GGGCGTTCACCCTAAA-1-SN_011502,SN_011502,10x_nuclear,MPTP,SOX6-_CBLB
TACGGTATCCGTGTCT-1-SN_011502,SN_011502,10x_nuclear,MPTP,SOX6+_RYR3
TGAGTCAGTCTTAGTG-1-SN_011502,SN_011502,10x_nuclear,MPTP,SOX6-_CBLB
TGTGGCGCAGGACATG-1-SN_011502,SN_011502,10x_nuclear,MPTP,SOX6-_CBLB
AACCACAAGGGACACT-1-SN_011503,SN_011503,10x_nuclear,MPTP,SOX6-_CBLB
AAGGAATCAATACCTG-1-SN_011503,SN_011503,10x_nuclear,MPTP,SOX6+_CUX2
ACAACCAAGCTCGGCT-1-SN_011503,SN_011503,10x_nuclear,MPTP,SOX6-_COBLL1
ACTATGGTCTGTCGCT-1-SN_011503,SN_011503,10x_nuclear,MPTP,SOX6-_CBLB
CCGGGTAGTAACAGTA-1-SN_011503,SN_011503,10x_nuclear,MPTP,SOX6+_CUX2
CTAGACAAGGGCAAGG-1-SN_011503,SN_011503,10x_nuclear,MPTP,SOX6-_CALCR
GACACGCGTTCAGCTA-1-SN_011503,SN_011503,10x_nuclear,MPTP,SOX6+_CUX2
GACTCAAAGAACTCCT-1-SN_011503,SN_011503,10x_nuclear,MPTP,SOX6-_CBLB
GGAAGTGGTGAATAAC-1-SN_011503,SN_011503,10x_nuclear,MPTP,SOX6-_EBF1
GGCAGTCGTAAGATCA-1-SN_011503,SN_011503,10x_nuclear,MPTP,SOX6-_SORCS3
GTGGGAAGTCGAGATG-1-SN_011503,SN_011503,10x_nuclear,MPTP,SOX6-_SORCS3
TGTCAGATCTCACCCA-1-SN_011503,SN_011503,10x_nuclear,MPTP,SOX6-_CBLB
TTGCATTCATATCGGT-1-SN_011503,SN_011503,10x_nuclear,MPTP,SOX6+_CUX2
TTTCCTCTCGTCGCTT-1-SN_011503,SN_011503,10x_nuclear,MPTP,SOX6-_CBLB
ACACAGTGTTGCTCGG-1-SN_011504,SN_011504,10x_nuclear,MPTP,SOX6-_CBLB
ACATCCCAGGGTGAGG-1-SN_011504,SN_011504,10x_nuclear,MPTP,SOX6-_CBLB
ACTGATGAGCGCCTCA-1-SN_011504,SN_011504,10x_nuclear,MPTP,SOX6-_CALCR
GCACATAAGGTCTTTG-1-SN_011504,SN_011504,10x_nuclear,MPTP,SOX6-_CBLB
GCATCGGCACATACTG-1-SN_011504,SN_011504,10x_nuclear,MPTP,SOX6-_SORCS3
AAAGAACGTTCACGAT-1-SN_011505,SN_011505,10x_nuclear,MPTP,SOX6+_RYR3
AAGACTCGTGTGCCTG-1-SN_011505,SN_011505,10x_nuclear,MPTP,SOX6+_CUX2
ACTGATGTCCTTACCG-1-SN_011505,SN_011505,10x_nuclear,MPTP,SOX6+_CUX2
ACTTCCGCAACCTAAC-1-SN_011505,SN_011505,10x_nuclear,MPTP,SOX6-_CALCR
AGAACCTAGTTGAAAC-1-SN_011505,SN_011505,10x_nuclear,MPTP,SOX6-_CALCR
AGGATCTCAGTAGTGG-1-SN_011505,SN_011505,10x_nuclear,MPTP,SOX6-_CALCR
ATGAAAGCATTCACAG-1-SN_011505,SN_011505,10x_nuclear,MPTP,SOX6-_CALCR
ATTCGTTCAAGGCAAC-1-SN_011505,SN_011505,10x_nuclear,MPTP,SOX6+_CUX2
CAACCAAGTCAAAGAT-1-SN_011505,SN_011505,10x_nuclear,MPTP,SOX6-_SORCS3
CAGCACGAGCTTTCCC-1-SN_011505,SN_011505,10x_nuclear,MPTP,SOX6+_CUX2
CATGGATCAAGGCGTA-1-SN_011505,SN_011505,10x_nuclear,MPTP,SOX6+_CUX2
CCCTGATTCGAATCCA-1-SN_011505,SN_011505,10x_nuclear,MPTP,SOX6+_CUX2
CCGATCTCATCAGCTA-1-SN_011505,SN_011505,10x_nuclear,MPTP,SOX6-_CALCR
CGGACACCAAGGCCTC-1-SN_011505,SN_011505,10x_nuclear,MPTP,SOX6+_CUX2
CTTCTCTTCCTGTACC-1-SN_011505,SN_011505,10x_nuclear,MPTP,SOX6+_CUX2
GAAATGACAGGTTACT-1-SN_011505,SN_011505,10x_nuclear,MPTP,SOX6+_CUX2
GACACGCGTTCAGCTA-1-SN_011505,SN_011505,10x_nuclear,MPTP,SOX6+_CUX2
GACATCAGTTAAGGGC-1-SN_011505,SN_011505,10x_nuclear,MPTP,SOX6-_CALCR
GACCAATCATTCACCC-1-SN_011505,SN_011505,10x_nuclear,MPTP,SOX6-_CALCR
GAGTTGTAGCGAGGAG-1-SN_011505,SN_011505,10x_nuclear,MPTP,SOX6-_SORCS3
GCGATCGCAAGCACCC-1-SN_011505,SN_011505,10x_nuclear,MPTP,SOX6+_CUX2
GGGCTACAGGAGTACC-1-SN_011505,SN_011505,10x_nuclear,MPTP,SOX6+_CUX2
GGGTTATAGCCTTCTC-1-SN_011505,SN_011505,10x_nuclear,MPTP,SOX6-_CBLB
GGTGAAGAGGTCCGAA-1-SN_011505,SN_011505,10x_nuclear,MPTP,SOX6+_CUX2
GTCACTCCAGCACACC-1-SN_011505,SN_011505,10x_nuclear,MPTP,SOX6-_CBLB
GTCATCCGTCGTCTCT-1-SN_011505,SN_011505,10x_nuclear,MPTP,SOX6-_CALCR
GTCATTTCAGAAGCTG-1-SN_011505,SN_011505,10x_nuclear,MPTP,SOX6+_CUX2
GTCATTTGTAGAGCTG-1-SN_011505,SN_011505,10x_nuclear,MPTP,SOX6+_CUX2
GTGTGATAGAGTGTTA-1-SN_011505,SN_011505,10x_nuclear,MPTP,SOX6+_CUX2
GTTGCGGAGCTCACTA-1-SN_011505,SN_011505,10x_nuclear,MPTP,SOX6+_CUX2
TAGGAGGAGCGGACAT-1-SN_011505,SN_011505,10x_nuclear,MPTP,SOX6+_RYR3
TCATTTGTCCGCAGTG-1-SN_011505,SN_011505,10x_nuclear,MPTP,SOX6+_CUX2
TCGAACACAGGTACGA-1-SN_011505,SN_011505,10x_nuclear,MPTP,SOX6+_CUX2
TCGATTTAGTGATAGT-1-SN_011505,SN_011505,10x_nuclear,MPTP,SOX6+_CUX2
TCGGGACGTGCCTTCT-1-SN_011505,SN_011505,10x_nuclear,MPTP,SOX6+_RYR3
TCTTGCGGTCACTACA-1-SN_011505,SN_011505,10x_nuclear,MPTP,SOX6+_CUX2
TGCTCGTGTTCCGCGA-1-SN_011505,SN_011505,10x_nuclear,MPTP,SOX6+_RYR3
TGTAGACGTTGCATCA-1-SN_011505,SN_011505,10x_nuclear,MPTP,SOX6+_CUX2
TTGAGTGAGTTCCGGC-1-SN_011505,SN_011505,10x_nuclear,MPTP,SOX6+_RYR3
TTGGGATAGTCATCGT-1-SN_011505,SN_011505,10x_nuclear,MPTP,SOX6-_COBLL1
TTGGGATGTGACCGAA-1-SN_011505,SN_011505,10x_nuclear,MPTP,SOX6-_CALCR
AAGAACACACAAGTTC-1-SN_011506,SN_011506,10x_nuclear,MPTP,SOX6+_CUX2
AATGGCTGTATAATGG-1-SN_011506,SN_011506,10x_nuclear,MPTP,SOX6+_RYR3
ACTATTCAGTCATCGT-1-SN_011506,SN_011506,10x_nuclear,MPTP,SOX6+_CUX2
ACTTTGTTCCGATAAC-1-SN_011506,SN_011506,10x_nuclear,MPTP,SOX6+_CUX2
AGACCATAGAACAAGG-1-SN_011506,SN_011506,10x_nuclear,MPTP,SOX6+_CUX2
ATACCGAGTTAGAGTA-1-SN_011506,SN_011506,10x_nuclear,MPTP,SOX6-_CALCR
ATCCCTGCATCGAGCC-1-SN_011506,SN_011506,10x_nuclear,MPTP,SOX6+_CUX2
CAGCACGCAGTTCACA-1-SN_011506,SN_011506,10x_nuclear,MPTP,SOX6+_CUX2
CATCAAGCAAGACGAC-1-SN_011506,SN_011506,10x_nuclear,MPTP,SOX6-_CALCR
CCGTAGGGTGCACGCT-1-SN_011506,SN_011506,10x_nuclear,MPTP,SOX6+_RYR3
CCTCCAACATCGCCTT-1-SN_011506,SN_011506,10x_nuclear,MPTP,SOX6+_RYR3
CGACAGCGTACCAGAG-1-SN_011506,SN_011506,10x_nuclear,MPTP,SOX6+_CUX2
CTCAATTTCCGATGCG-1-SN_011506,SN_011506,10x_nuclear,MPTP,SOX6+_CUX2
CTGATCCAGAGGGTGG-1-SN_011506,SN_011506,10x_nuclear,MPTP,SOX6-_COBLL1
CTGGCAGGTTGCAAGG-1-SN_011506,SN_011506,10x_nuclear,MPTP,SOX6+_CUX2
GAAGGGTAGCGTTACT-1-SN_011506,SN_011506,10x_nuclear,MPTP,SOX6+_CUX2
GAATCGTGTTACAGCT-1-SN_011506,SN_011506,10x_nuclear,MPTP,SOX6-_CALCR
GACTATGGTACCACGC-1-SN_011506,SN_011506,10x_nuclear,MPTP,SOX6-_CALCR
GAGGGTAGTGGGATTG-1-SN_011506,SN_011506,10x_nuclear,MPTP,SOX6+_CUX2
GATGTTGAGGTTCTAC-1-SN_011506,SN_011506,10x_nuclear,MPTP,SOX6+_RYR3
GCCCAGAAGCCGGAAT-1-SN_011506,SN_011506,10x_nuclear,MPTP,SOX6+_CUX2
GGGTATTCAGCGTTGC-1-SN_011506,SN_011506,10x_nuclear,MPTP,SOX6+_CUX2
GGGTGTCGTCTATGAC-1-SN_011506,SN_011506,10x_nuclear,MPTP,SOX6+_CUX2
GGTGAAGAGTCTAGCT-1-SN_011506,SN_011506,10x_nuclear,MPTP,SOX6+_CUX2
GGTGATTAGATCACTC-1-SN_011506,SN_011506,10x_nuclear,MPTP,SOX6+_RYR3
GTCATTTTCTTGGCTC-1-SN_011506,SN_011506,10x_nuclear,MPTP,SOX6-_CBLB
TATTGGGTCCCATAGA-1-SN_011506,SN_011506,10x_nuclear,MPTP,SOX6-_CALCR
TCCACGTAGTGCTAGG-1-SN_011506,SN_011506,10x_nuclear,MPTP,SOX6-_CBLB
TCGGGACAGGGCAGAG-1-SN_011506,SN_011506,10x_nuclear,MPTP,SOX6+_CUX2
TCTTGCGAGATTGATG-1-SN_011506,SN_011506,10x_nuclear,MPTP,SOX6+_RYR3
TGCTCCATCCATCTAT-1-SN_011506,SN_011506,10x_nuclear,MPTP,SOX6+_CUX2
TGTGAGTTCCGACAGC-1-SN_011506,SN_011506,10x_nuclear,MPTP,SOX6-_CALCR
TTTACGTCAAATTAGG-1-SN_011506,SN_011506,10x_nuclear,MPTP,SOX6+_CUX2
AATGGCTGTATAATGG-1-SN_011507,SN_011507,10x_nuclear,MPTP,SOX6+_RYR3
AGTACTGGTCAACATC-1-SN_011507,SN_011507,10x_nuclear,MPTP,SOX6+_CUX2
ATCAGGTCAAATGATG-1-SN_011507,SN_011507,10x_nuclear,MPTP,SOX6+_CUX2
CATACAGCAGAGCCCT-1-SN_011507,SN_011507,10x_nuclear,MPTP,SOX6-_CALCR
CATACAGGTTAAGGAT-1-SN_011507,SN_011507,10x_nuclear,MPTP,SOX6+_CUX2
CTCCGATTCTTTCAGT-1-SN_011507,SN_011507,10x_nuclear,MPTP,SOX6-_CALCR
CTTGAGACAAACCACT-1-SN_011507,SN_011507,10x_nuclear,MPTP,SOX6+_RYR3
GATCACAGTTACGATC-1-SN_011507,SN_011507,10x_nuclear,MPTP,SOX6+_CUX2
GCAACCGCATCCTCAC-1-SN_011507,SN_011507,10x_nuclear,MPTP,SOX6-_CALCR
GCAGTTATCCATACTT-1-SN_011507,SN_011507,10x_nuclear,MPTP,SOX6+_CUX2
GCCAGGTGTATGAAGT-1-SN_011507,SN_011507,10x_nuclear,MPTP,SOX6-_CALCR
GCTTGGGAGTTCTACG-1-SN_011507,SN_011507,10x_nuclear,MPTP,SOX6+_CUX2
GGAAGTGGTGACTCTA-1-SN_011507,SN_011507,10x_nuclear,MPTP,SOX6+_CUX2
GGAGCAATCGAGAGCA-1-SN_011507,SN_011507,10x_nuclear,MPTP,SOX6+_CUX2
GGGACAAAGCACGGAT-1-SN_011507,SN_011507,10x_nuclear,MPTP,SOX6-_CALCR
GGGAGATTCTCTCTTC-1-SN_011507,SN_011507,10x_nuclear,MPTP,SOX6-_CALCR
GGGTGAATCCATACTT-1-SN_011507,SN_011507,10x_nuclear,MPTP,SOX6+_CUX2
GTCAAACCAACCGACC-1-SN_011507,SN_011507,10x_nuclear,MPTP,SOX6-_CALCR
TAATCTCGTCGGCCTA-1-SN_011507,SN_011507,10x_nuclear,MPTP,SOX6+_CUX2
TACGGGCGTGTCCAAT-1-SN_011507,SN_011507,10x_nuclear,MPTP,SOX6-_CALCR
TCGACGGTCAGACCGC-1-SN_011507,SN_011507,10x_nuclear,MPTP,SOX6+_CUX2
AAAGTCCCACAATTCG-1-SN_011508,SN_011508,10x_nuclear,MPTP,SOX6-_CALCR
AATGCCAAGACAGCGT-1-SN_011508,SN_011508,10x_nuclear,MPTP,SOX6+_RYR3
ACAGCCGGTAAGTCAA-1-SN_011508,SN_011508,10x_nuclear,MPTP,SOX6-_CALCR
AGAAGTATCATTCCTA-1-SN_011508,SN_011508,10x_nuclear,MPTP,SOX6-_CALCR
ATCAGGTCAAATGATG-1-SN_011508,SN_011508,10x_nuclear,MPTP,SOX6+_CUX2
CAGATACTCTCGGCTT-1-SN_011508,SN_011508,10x_nuclear,MPTP,SOX6+_CUX2
CATTCTAAGGCCCACT-1-SN_011508,SN_011508,10x_nuclear,MPTP,SOX6+_CUX2
CCATCACTCTCATTAC-1-SN_011508,SN_011508,10x_nuclear,MPTP,SOX6+_CUX2
CCTCAGTAGGTCATCT-1-SN_011508,SN_011508,10x_nuclear,MPTP,SOX6+_CUX2
CGGCAGTAGAGCATTA-1-SN_011508,SN_011508,10x_nuclear,MPTP,SOX6-_CBLB
CGTCAAAAGAGCAACC-1-SN_011508,SN_011508,10x_nuclear,MPTP,SOX6-_CALCR
CTCATTAAGTAAGGGA-1-SN_011508,SN_011508,10x_nuclear,MPTP,SOX6+_CUX2
CTGCCATGTGAGTGAC-1-SN_011508,SN_011508,10x_nuclear,MPTP,SOX6+_CUX2
GAGTTGTAGTGCGCTC-1-SN_011508,SN_011508,10x_nuclear,MPTP,SOX6+_RYR3
GATCATGCAGACCTGC-1-SN_011508,SN_011508,10x_nuclear,MPTP,SOX6+_CUX2
GATTGGTTCTGGGTCG-1-SN_011508,SN_011508,10x_nuclear,MPTP,SOX6+_CUX2
GTCATTTTCTTGGCTC-1-SN_011508,SN_011508,10x_nuclear,MPTP,SOX6-_CBLB
GTGACGCTCGGAGCAA-1-SN_011508,SN_011508,10x_nuclear,MPTP,SOX6+_CUX2
GTGGCGTCAAGGTCTT-1-SN_011508,SN_011508,10x_nuclear,MPTP,SOX6-_CALCR
TACAACGTCAGCTGAT-1-SN_011508,SN_011508,10x_nuclear,MPTP,SOX6+_RYR3
TACCTGCCACTTCAAG-1-SN_011508,SN_011508,10x_nuclear,MPTP,SOX6+_CUX2
TCACGCTGTACAGGTG-1-SN_011508,SN_011508,10x_nuclear,MPTP,SOX6+_CUX2
TGAGGAGAGGTCCCGT-1-SN_011508,SN_011508,10x_nuclear,MPTP,SOX6-_CALCR
TTAGTCTAGTTTAGGA-1-SN_011508,SN_011508,10x_nuclear,MPTP,SOX6+_RYR3
TTTGGTTAGACATCAA-1-SN_011508,SN_011508,10x_nuclear,MPTP,SOX6+_RYR3
